Product, Price, Features 
Sennheiser HD 820 Wired Headset without Mic,189990,Black
Sennheiser HD 800s Wired Headset without Mic,139990,Silver
Sennheiser HD 800 Bluetooth Headset without Mic,109990,Silver
Sennheiser PXC 550-II Active noise cancellation enabled...,29990,Black
Sennheiser HD8 DJ Wired Headset without Mic,27990,On the Ear
Sennheiser PXC 550 Bluetooth Headset,27990,Black
Sennheiser Urbanite Xl Wireless Bluetooth Headset witho...,24990,Black
Sennheiser Momentum M3 IETW 2 Bluetooth Headset,24990,Black
Sennheiser Momentum True Wireless Active noise cancella...,24490,Silver
Sennheiser HD 599 Bluetooth Headset without Mic,20990,Ivory
Sennheiser HD 6 Mix Wired Headset without Mic,19990,Black
Sennheiser Ambeo Smart Wired Headset,19990,White
Sennheiser HDR 185 Bluetooth Headset without Mic,15990,Black
Sennheiser HD 450BT Active noise cancellation enabled B...,14990,White
Sennheiser HD 579 Wired Headset without Mic,12993,Grey
Sennheiser HD 569 Wired Headset without Mic,12990,Black
Sennheiser HDR 175 Wired Headset without Mic,11990,Black
Sennheiser HD 559 Wired Headset without Mic,10990,Black
Sennheiser CX 7.00BT Bluetooth Headset,8990,Black
Sennheiser Hd 280 Pro Headphones Wired Headset without ...,8500,Black
Sennheiser HD 4.30i Wired Headset without Mic,7990,Black
Sennheiser HD 4.30G Wired Headset without Mic,7990,Black
Sennheiser RS 120-8 II Bluetooth Headset without Mic,7990,Black
Sennheiser PMX 686I Sports Wired Headset,7990,Green
Sennheiser HD 4.30i Wired Headset without Mic,7990,White
Sennheiser HD 350BT Bluetooth Headset,7490,White
Sennheiser CX 7.00 BT New Bluetooth Headset,7490,Black
Sennheiser CX 350BT Bluetooth Headset,7490,Black
Sennheiser CX 350BT Bluetooth Headset,7490,White
Sennheiser HD2.30i Wired Headset without Mic,6990,Black
Sennheiser HD 2.30G Wired Headset without Mic,6990,White
Sennheiser HD 2.30i_W Bluetooth Headset without Mic,6990,White
Sennheiser CX 6.00BT Bluetooth Headset,6199,Black
Sennheiser HD 200 PRO Studio & Home Monitoring Dynamic ...,6200,Black
Sennheiser CX 150BT Bluetooth Headset,4990,White
Sennheiser HD205 II WEST Live Studio Monitoring ( Free ...,3495,Black
Sennheiser HD 205 II Wired Headset without Mic,3490,Black
Sennheiser CX 80S Wired Headset,1490,Black
Sennheiser HD 206 Wired Headset without Mic,1490,Black
ajd Original High Quality Headphone Wired Headset,249,White
